{"cameraMode":{"drawMode":0,"name":"Shaded","section":"Shading Mode"},"sceneLighting":true,"audioPlay":false,"sceneViewState":{"showFog":true,"showMaterialUpdate":false,"showSkybox":true,"showFlares":true,"showImageEffects":true,"showParticleSystems":true},"in2DMode":false,"pivot":{"x":-249.43258666992188,"y":-71.28892517089844,"z":26.93511962890625},"rotation":{"x":0.12894991040229798,"y":-0.6571717262268066,"z":0.11551686376333237,"w":0.7335996627807617},"size":183.65419006347657,"orthographic":false}