{"cameraMode":{"drawMode":0,"name":"Shaded","section":"Shading Mode"},"sceneLighting":false,"audioPlay":false,"sceneViewState":{"showFog":true,"showMaterialUpdate":false,"showSkybox":false,"showFlares":true,"showImageEffects":true,"showParticleSystems":true},"in2DMode":false,"pivot":{"x":5.840000152587891,"y":2.690000057220459,"z":0.0},"rotation":{"x":0.047939177602529529,"y":-0.04193926975131035,"z":0.0020163035951554777,"w":0.9979723691940308},"size":5.332091331481934,"orthographic":false}